model,outcome,term,coefficient,standard_error,p_value,ci_low,ci_high,occupation_year_cells,occupation_clusters,r_squared,weight_col,scheme,outcome_name,model_type,fdr_family,q_value_bh,reject_fdr_5pct
wage_baseline_within_highE_median_adjusted_category_pooled,mean_log_real_wage_2024,exposure_z_post,0.003267883720099042,0.0074875384104748565,0.6628950628674641,-0.011479389638762466,0.01801515707896055,747,249,0.9989427668237365,baseline_wage_weight,baseline_within_highE_median,wage,pooled,other,0.9538819774702559,False
wage_baseline_within_highE_median_adjusted_category_pooled,mean_log_real_wage_2024,high_c_post,0.011219632690126456,0.009730555383500622,0.25000774201083326,-0.007945432289476698,0.03038469766972961,747,249,0.9989427668237365,baseline_wage_weight,baseline_within_highE_median,wage,pooled,other,0.9538819774702559,False
wage_baseline_within_highE_median_adjusted_category_dynamic,mean_log_real_wage_2024,exposure_z_y2023,0.005057871445647061,0.00757734316655966,0.5050738832505876,-0.009866279174378906,0.019982022065673028,747,249,0.99894466632594,baseline_wage_weight,baseline_within_highE_median,wage,dynamic,other,0.9538819774702559,False
wage_baseline_within_highE_median_adjusted_category_dynamic,mean_log_real_wage_2024,exposure_z_y2024,0.001477895994558373,0.008680152038389488,0.8649432765054168,-0.015618320130026484,0.01857411211914323,747,249,0.99894466632594,baseline_wage_weight,baseline_within_highE_median,wage,dynamic,other,0.9538819774702559,False
wage_baseline_within_highE_median_adjusted_category_dynamic,mean_log_real_wage_2024,high_c_y2023,0.008924134490591944,0.009893096713105336,0.36790197488005827,-0.01056106793450867,0.028409336915692557,747,249,0.99894466632594,baseline_wage_weight,baseline_within_highE_median,wage,dynamic,primary_adjusted_category,0.36790197488005827,False
wage_baseline_within_highE_median_adjusted_category_dynamic,mean_log_real_wage_2024,high_c_y2024,0.013515130889669977,0.011209197684839748,0.2290753521225873,-0.00856223196707238,0.03559249374641234,747,249,0.99894466632594,baseline_wage_weight,baseline_within_highE_median,wage,dynamic,primary_adjusted_category,0.36790197488005827,False
employment_baseline_within_highE_median_adjusted_category_pooled,log_employment,exposure_z_post,-0.0048469362542059025,0.016345010072764767,0.7670665225977916,-0.037039670151796676,0.02734579764338487,747,249,0.9977340496041662,none,baseline_within_highE_median,employment,pooled,other,0.8231162607833049,False
employment_baseline_within_highE_median_adjusted_category_pooled,log_employment,high_c_post,-0.005245957580271909,0.0199361251305754,0.7926624885156345,-0.044511664265096576,0.03401974910455276,747,249,0.9977340496041662,none,baseline_within_highE_median,employment,pooled,other,0.8231162607833049,False
employment_baseline_within_highE_median_adjusted_category_dynamic,log_employment,exposure_z_y2023,-0.00333311076434238,0.014894890022102798,0.8231162607833049,-0.0326697235153143,0.02600350198662954,747,249,0.9977342450591179,none,baseline_within_highE_median,employment,dynamic,other,0.8231162607833049,False
employment_baseline_within_highE_median_adjusted_category_dynamic,log_employment,exposure_z_y2024,-0.006360761744073906,0.021989849516567593,0.7726248523536761,-0.049671433978806995,0.03694991049065918,747,249,0.9977342450591179,none,baseline_within_highE_median,employment,dynamic,other,0.8231162607833049,False
employment_baseline_within_highE_median_adjusted_category_dynamic,log_employment,high_c_y2023,-0.004507941109242713,0.021395795441259878,0.8332999660729669,-0.04664857890031236,0.037632696681826935,747,249,0.9977342450591179,none,baseline_within_highE_median,employment,dynamic,primary_adjusted_category,0.8332999660729669,False
employment_baseline_within_highE_median_adjusted_category_dynamic,log_employment,high_c_y2024,-0.005983974051342988,0.02380287590198363,0.8017152920800286,-0.05286553891417323,0.04089759081148725,747,249,0.9977342450591179,none,baseline_within_highE_median,employment,dynamic,primary_adjusted_category,0.8332999660729669,False
employment_share_baseline_within_highE_median_adjusted_category_pooled,log_employment_share,exposure_z_post,-0.004846936254172637,0.016345010072764427,0.767066522599339,-0.03703967015176274,0.027345797643417463,747,249,0.997733992517574,none,baseline_within_highE_median,employment_share,pooled,other,0.823116260784652,False
employment_share_baseline_within_highE_median_adjusted_category_pooled,log_employment_share,high_c_post,-0.0052459575802834835,0.019936125130575837,0.7926624885151918,-0.04451166426510901,0.034019749104542044,747,249,0.997733992517574,none,baseline_within_highE_median,employment_share,pooled,other,0.823116260784652,False
employment_share_baseline_within_highE_median_adjusted_category_dynamic,log_employment_share,exposure_z_y2023,-0.0033331107643168392,0.01489489002210402,0.823116260784652,-0.03266972351529117,0.026003501986657487,747,249,0.9977341879774498,none,baseline_within_highE_median,employment_share,dynamic,other,0.823116260784652,False
employment_share_baseline_within_highE_median_adjusted_category_dynamic,log_employment_share,exposure_z_y2024,-0.006360761744050009,0.021989849516567312,0.7726248523545036,-0.04967143397878254,0.036949910490682525,747,249,0.9977341879774498,none,baseline_within_highE_median,employment_share,dynamic,other,0.823116260784652,False
employment_share_baseline_within_highE_median_adjusted_category_dynamic,log_employment_share,high_c_y2023,-0.0045079411092302235,0.02139579544126027,0.8332999660734249,-0.04664857890030064,0.037632696681840196,747,249,0.9977341879774498,none,baseline_within_highE_median,employment_share,dynamic,primary_adjusted_category,0.8332999660734249,False
employment_share_baseline_within_highE_median_adjusted_category_dynamic,log_employment_share,high_c_y2024,-0.005983974051323171,0.023802875901983506,0.8017152920806705,-0.052865538914153166,0.040897590811506825,747,249,0.9977341879774498,none,baseline_within_highE_median,employment_share,dynamic,primary_adjusted_category,0.8332999660734249,False
wage_global_median_adjusted_category_pooled,mean_log_real_wage_2024,exposure_z_post,0.003222646412850201,0.007491193176350011,0.6674300477979546,-0.011531825283898716,0.017977118109599118,747,249,0.9989395394328592,baseline_wage_weight,global_median,wage,pooled,other,0.9538819774702559,False
wage_global_median_adjusted_category_pooled,mean_log_real_wage_2024,high_c_post,0.00827475998368346,0.009819552860599831,0.4002182996453916,-0.011065592260048444,0.027615112227415365,747,249,0.9989395394328592,baseline_wage_weight,global_median,wage,pooled,other,0.9538819774702559,False
wage_global_median_adjusted_category_dynamic,mean_log_real_wage_2024,exposure_z_y2023,0.005072578785829738,0.007585948260316501,0.5043209758403839,-0.009868520217356874,0.02001367778901635,747,249,0.998944006857555,baseline_wage_weight,global_median,wage,dynamic,other,0.9538819774702559,False
wage_global_median_adjusted_category_dynamic,mean_log_real_wage_2024,exposure_z_y2024,0.0013727140398619858,0.008674562966723615,0.8743918126810679,-0.015712493985243395,0.018457922064967366,747,249,0.998944006857555,baseline_wage_weight,global_median,wage,dynamic,other,0.9538819774702559,False
wage_global_median_adjusted_category_dynamic,mean_log_real_wage_2024,high_c_y2023,0.003909652748986134,0.010169597308498547,0.7009779615208439,-0.01612013851701407,0.023939444014986336,747,249,0.998944006857555,baseline_wage_weight,global_median,wage,dynamic,threshold_robustness,0.965976832499731,False
wage_global_median_adjusted_category_dynamic,mean_log_real_wage_2024,high_c_y2024,0.012639867218388001,0.011040152658617776,0.2533544230184402,-0.009104548670340978,0.034384283107116984,747,249,0.998944006857555,baseline_wage_weight,global_median,wage,dynamic,threshold_robustness,0.965976832499731,False
employment_global_median_adjusted_category_pooled,log_employment,exposure_z_post,-0.005043682735577093,0.01651642439455251,0.7603376493326998,-0.03757403010804384,0.027486664636889653,747,249,0.9977430103086917,none,global_median,employment,pooled,other,0.8231162607833049,False
employment_global_median_adjusted_category_pooled,log_employment,high_c_post,-0.02464151458663616,0.016515685090410143,0.13696831472704962,-0.05717040584366347,0.007887376670391154,747,249,0.9977430103086917,none,global_median,employment,pooled,other,0.8231162607833049,False
employment_global_median_adjusted_category_dynamic,log_employment,exposure_z_y2023,-0.003656800120112008,0.015208152850022832,0.8101800780582948,-0.03361040771014129,0.026296807469917274,747,249,0.9977436466520321,none,global_median,employment,dynamic,other,0.8231162607833049,False
employment_global_median_adjusted_category_dynamic,log_employment,exposure_z_y2024,-0.0064305653510617344,0.02206170064340844,0.770927166650384,-0.04988275381590616,0.03702162311378269,747,249,0.9977436466520321,none,global_median,employment,dynamic,other,0.8231162607833049,False
employment_global_median_adjusted_category_dynamic,log_employment,high_c_y2023,-0.027811924642195528,0.01698000562891523,0.10270608589140032,-0.06125533032734101,0.005631481042949957,747,249,0.9977436466520321,none,global_median,employment,dynamic,threshold_robustness,0.41082434356560127,False
employment_global_median_adjusted_category_dynamic,log_employment,high_c_y2024,-0.021471104531044116,0.021494404493945216,0.31880903310748854,-0.06380596031150995,0.020863751249421712,747,249,0.9977436466520321,none,global_median,employment,dynamic,threshold_robustness,0.6376180662149771,False
employment_share_global_median_adjusted_category_pooled,log_employment_share,exposure_z_post,-0.0050436827355673924,0.016516424394552552,0.760337649333147,-0.037574030108034215,0.02748666463689943,747,249,0.9977429534478485,none,global_median,employment_share,pooled,other,0.823116260784652,False
employment_share_global_median_adjusted_category_pooled,log_employment_share,high_c_post,-0.024641514586626306,0.01651568509041024,0.13696831472720822,-0.05717040584365381,0.007887376670401194,747,249,0.9977429534478485,none,global_median,employment_share,pooled,other,0.823116260784652,False
employment_share_global_median_adjusted_category_dynamic,log_employment_share,exposure_z_y2023,-0.003656800120078722,0.015208152850024798,0.8101800780600137,-0.033610407710111874,0.026296807469954428,747,249,0.9977435898072204,none,global_median,employment_share,dynamic,other,0.823116260784652,False
employment_share_global_median_adjusted_category_dynamic,log_employment_share,exposure_z_y2024,-0.00643056535103434,0.02206170064340781,0.7709271666513261,-0.04988275381587752,0.03702162311380884,747,249,0.9977435898072204,none,global_median,employment_share,dynamic,other,0.823116260784652,False
employment_share_global_median_adjusted_category_dynamic,log_employment_share,high_c_y2023,-0.027811924642194345,0.016980005628915076,0.10270608589141177,-0.06125533032733953,0.0056314810429508415,747,249,0.9977435898072204,none,global_median,employment_share,dynamic,threshold_robustness,0.41082434356564707,False
employment_share_global_median_adjusted_category_dynamic,log_employment_share,high_c_y2024,-0.021471104531046337,0.021494404493945768,0.318809033107451,-0.06380596031151325,0.020863751249420574,747,249,0.9977435898072204,none,global_median,employment_share,dynamic,threshold_robustness,0.637618066214902,False
wage_global_60th_adjusted_category_pooled,mean_log_real_wage_2024,exposure_z_post,0.0013519453250271964,0.007327676846435888,0.85381124021698,-0.013098361488080865,0.015802252138135256,597,199,0.9983865977918572,baseline_wage_weight,global_60th,wage,pooled,other,0.9538819774702559,False
wage_global_60th_adjusted_category_pooled,mean_log_real_wage_2024,high_c_post,0.00024311142066325443,0.010715203490543217,0.9819216327949798,-0.020887457141260654,0.021373679982587164,597,199,0.9983865977918572,baseline_wage_weight,global_60th,wage,pooled,other,0.9819216327949798,False
wage_global_60th_adjusted_category_dynamic,mean_log_real_wage_2024,exposure_z_y2023,0.004248825129206389,0.008732176042365243,0.6271003992921865,-0.012971178645881407,0.021468828904294187,597,199,0.9983898893166419,baseline_wage_weight,global_60th,wage,dynamic,other,0.9538819774702559,False
wage_global_60th_adjusted_category_dynamic,mean_log_real_wage_2024,exposure_z_y2024,-0.0015449344791215105,0.0075368935967396146,0.8377960386410629,-0.016407820380484633,0.013317951422241613,597,199,0.9983898893166419,baseline_wage_weight,global_60th,wage,dynamic,other,0.9538819774702559,False
wage_global_60th_adjusted_category_dynamic,mean_log_real_wage_2024,high_c_y2023,0.001025946162183622,0.010902198646336677,0.925121290343693,-0.020473380115235716,0.022525272439602957,597,199,0.9983898893166419,baseline_wage_weight,global_60th,wage,dynamic,threshold_robustness,0.965976832499731,False
wage_global_60th_adjusted_category_dynamic,mean_log_real_wage_2024,high_c_y2024,-0.0005397233208636665,0.012637334325438385,0.965976832499731,-0.025460767483888955,0.02438132084216162,597,199,0.9983898893166419,baseline_wage_weight,global_60th,wage,dynamic,threshold_robustness,0.965976832499731,False
employment_global_60th_adjusted_category_pooled,log_employment,exposure_z_post,-0.013112638412449947,0.021391319385485327,0.5405872205862323,-0.055296694114605784,0.029071417289705893,597,199,0.9973650282117064,none,global_60th,employment,pooled,other,0.8231162607833049,False
employment_global_60th_adjusted_category_pooled,log_employment,high_c_post,0.00864039807157183,0.01969657975147812,0.6613752895695962,-0.030201601451939876,0.04748239759508354,597,199,0.9973650282117064,none,global_60th,employment,pooled,other,0.8231162607833049,False
employment_global_60th_adjusted_category_dynamic,log_employment,exposure_z_y2023,-0.014066791670081027,0.017859368804327157,0.4318479196670965,-0.04928577909533883,0.021152195755176774,597,199,0.9973672960054027,none,global_60th,employment,dynamic,other,0.8231162607833049,False
employment_global_60th_adjusted_category_dynamic,log_employment,exposure_z_y2024,-0.012158485154804584,0.030141770580086522,0.6871064546818263,-0.07159858355166764,0.04728161324205847,597,199,0.9973672960054027,none,global_60th,employment,dynamic,other,0.8231162607833049,False
employment_global_60th_adjusted_category_dynamic,log_employment,high_c_y2023,0.0018683700291834355,0.021381530933694104,0.9304558479549837,-0.04029638267495916,0.044033122733326026,597,199,0.9973672960054027,none,global_60th,employment,dynamic,threshold_robustness,0.9304558479549837,False
employment_global_60th_adjusted_category_dynamic,log_employment,high_c_y2024,0.015412426113960688,0.024053694853016654,0.5224254392332578,-0.03202188054272956,0.06284673277065093,597,199,0.9973672960054027,none,global_60th,employment,dynamic,threshold_robustness,0.6965672523110104,False
employment_share_global_60th_adjusted_category_pooled,log_employment_share,exposure_z_post,-0.013112638412422167,0.021391319385483974,0.5405872205870635,-0.055296694114575336,0.029071417289731,597,199,0.9973649829072968,none,global_60th,employment_share,pooled,other,0.823116260784652,False
employment_share_global_60th_adjusted_category_pooled,log_employment_share,high_c_post,0.008640398071569987,0.019696579751479294,0.6613752895696827,-0.03020160145194404,0.04748239759508401,597,199,0.9973649829072968,none,global_60th,employment_share,pooled,other,0.823116260784652,False
employment_share_global_60th_adjusted_category_dynamic,log_employment_share,exposure_z_y2023,-0.014066791670064673,0.017859368804328313,0.43184791966766084,-0.04928577909532475,0.021152195755195405,597,199,0.9973672507399844,none,global_60th,employment_share,dynamic,other,0.823116260784652,False
employment_share_global_60th_adjusted_category_dynamic,log_employment_share,exposure_z_y2024,-0.01215848515478807,0.030141770580083955,0.6871064546822035,-0.07159858355164607,0.04728161324206993,597,199,0.9973672507399844,none,global_60th,employment_share,dynamic,other,0.823116260784652,False
employment_share_global_60th_adjusted_category_dynamic,log_employment_share,high_c_y2023,0.0018683700291857565,0.02138153093369573,0.9304558479549029,-0.04029638267496004,0.044033122733331556,597,199,0.9973672507399844,none,global_60th,employment_share,dynamic,threshold_robustness,0.9304558479549029,False
employment_share_global_60th_adjusted_category_dynamic,log_employment_share,high_c_y2024,0.0154124261139646,0.024053694853016446,0.5224254392331488,-0.032021880542725235,0.06284673277065443,597,199,0.9973672507399844,none,global_60th,employment_share,dynamic,threshold_robustness,0.696567252310865,False
